INSERT INTO customer(card_num, customer_name, birth_date, points, phone, city, family_members) values (0000000, 'Savvas Palamaropoulos', '1987-04-23', 76, 2103416340, 'Athens', 3);
INSERT INTO customer(card_num, customer_name, birth_date, points, phone, city, family_members) values (0000001, 'Pericles Rossoulis', '1994-02-23', 23, 2103416540, 'Athens', 4);
INSERT INTO customer(card_num, customer_name, birth_date, points, phone, city, family_members) values (0000002, 'Vaggelis Toccelis', '1994-12-21', 53, 2103496540, 'Athens', 4);
INSERT INTO customer(card_num, customer_name, birth_date, points, phone, city, family_members) values (0000003, 'Tryfon Kostotis', '1971-10-15', 153, 2103493540, 'Athens', 1);
INSERT INTO customer(card_num, customer_name, birth_date, points, phone, city, family_members) values (0000004, 'Thomas Mavrotis', '1999-10-15', 42, 2103412540, 'Athens', 2);
INSERT INTO customer(card_num, customer_name, birth_date, points, phone, city, family_members) values (0000005, 'Georgia Gabrea', '1992-08-01', 64, 2103499870, 'Volos', 1);
INSERT INTO customer(card_num, customer_name, birth_date, points, phone, city, family_members) values (0000006, 'Aphrodite Vallatou', '1995-10-15', 83, 2113493540, 'Kalamata', 1);
INSERT INTO customer(card_num, customer_name, birth_date, points, phone, city, family_members) values (0000007, 'Hermione Galanide', '2000-12-05', 17, 2129493540, 'Athens', 1);
INSERT INTO customer(card_num, customer_name, birth_date, points, phone, city, family_members) values (0000008, 'Aikaterini Andreadakou', '1990-10-31', 69, 2103403540, 'Athens', 1);
INSERT INTO customer(card_num, customer_name, birth_date, points, phone, city, family_members) values (0000009, 'Kyriake Kalloglou', '1988-10-25', 1742, 2103454540, 'Athens', 1);

insert into customer (card_num, customer_name, birth_date, points, phone, street, street_num, postal_code, city, family_members) values (0000011, 'Christos Ioannou', '1999-7-27', 140, 2108046576, 'Omirou', 45, 14321, 'Athens', 6);
insert into customer (card_num, customer_name, birth_date, points, phone, street, street_num, postal_code, city, family_members) values (0000012, 'Dimitrios Ioannou', '1999-7-25', 260, 2108886576, 'Ermou', 45, 14321, 'Athens', 3);
insert into customer (card_num, customer_name, birth_date, points, phone, street, street_num, postal_code, city, family_members) values (0000013, 'Sofia Dimitriou', '1965-5-20', 40, 2106546576, 'Fokidos', 6, 14356, 'Athens', 5);
insert into customer (card_num, customer_name, birth_date, points, phone, street, street_num, postal_code, city, family_members) values (0000014, 'Georgios Papadopoulos', '1960-6-6', 140, 2108049876, 'Skoufa', 4, 14322, 'Athens', 3);
insert into customer (card_num, customer_name, birth_date, points, phone, street, street_num, postal_code, city, family_members) values (0000015, 'Eleni Ioannou', '1982-7-13', 500, 2108046432, 'Kapodistria', 1, 15621, 'Thessaloniki', 0);
insert into customer (card_num, customer_name, birth_date, points, phone, street, street_num, postal_code, city, family_members) values (0000016, 'Dimitra Christou', '1956-7-27', 10, 2107776576, 'Iras', 6, 13451, 'Livadia', 0);
insert into customer (card_num, customer_name, birth_date, points, phone, street, street_num, postal_code, city, family_members) values (0000017, 'Christina Georgiou', '1999-7-27', 300, 2108952576, 'Avlidos', 12, 15621, 'Thessaloniki', 6);
insert into customer (card_num, customer_name, birth_date, points, phone, street, street_num, postal_code, city, family_members) values (0000018, 'Ioannis Sofokleous', '1950-7-27', 240, 2108046333, 'Smyrnis', 18, 18721, 'Patra', 0);
insert into customer (card_num, customer_name, birth_date, points, phone, street, street_num, postal_code, city, family_members) values (0000019, 'Eleftherios Katsigiannis', '2000-9-8', 80, 694764532, 'Smyrnis', 7, 18721, 'Patra', 2);
insert into customer (card_num, customer_name, birth_date, points, phone, street, street_num, postal_code, family_members) values (0000020, 'Georgios Konstantinou', '1968-10-27', 40, 6987653421, 'Parou', 4, 15421, 5);
insert into customer (card_num, customer_name, birth_date, points, phone, street, street_num, postal_code, family_members) values (0000021, 'Christos Ioannou', '1939-5-25', 380, 2108046576, 'Omirou', 45, 14321, 6);

INSERT INTO stores VALUES ('ATH01', 1200, '07:00:00', '20:00:00', 'Smolika', 256, 14321, 'Athens');
INSERT INTO stores VALUES ('ATH02', 800, '08:30:00', '20:00:00', 'Tzoumerkon', 256, 14321, 'Athens');
INSERT INTO stores VALUES ('ATH03', 1000, '09:30:00', '20:00:00', 'Parnonos', 256, 14321, 'Athens');
INSERT INTO stores VALUES ('ATH04', 700, '10:00:00', '20:30:00', 'Olympou', 3, 15067, 'Athens');
INSERT INTO stores VALUES ('ATH05', 1500, '09:00:00', '20:00:00', 'Taygetou', 4, 15864, 'Athens');
INSERT INTO stores VALUES ('PAT01', 3000, '08:30:00', '21:00:00', 'Parnithas', 5, 19467, 'Patra');
INSERT INTO stores VALUES ('PAT02', 1200, '09:30:00', '20:00:00', 'Itis', 21, 15267, 'Patra');
INSERT INTO stores VALUES ('PAT03', 1500, '09:30:00', '20:00:00', 'Psiloriti', 42, 15255, 'Patra');
INSERT INTO stores VALUES ('THE01', 1300, '09:00:00', '20:00:00', 'Rodopis', 17, 19267, 'Thessaloniki');
INSERT INTO stores VALUES ('THE02', 1500, '09:00:00', '20:00:00', 'Pindou', 69, 21267, 'Thessaloniki');

INSERT INTO store_phone VALUES ('ATH01', 6976543210);
INSERT INTO store_phone VALUES ('ATH01', 6976543211);
INSERT INTO store_phone VALUES ('ATH01', 6976543212);
INSERT INTO store_phone VALUES ('ATH01', 6976543213);
INSERT INTO store_phone VALUES ('ATH02', 6976543214);
INSERT INTO store_phone VALUES ('ATH02', 6976543215);
INSERT INTO store_phone VALUES ('ATH03', 6976543216);
INSERT INTO store_phone VALUES ('ATH03', 6976543217);
INSERT INTO store_phone VALUES ('ATH04', 6976543218);
INSERT INTO store_phone VALUES ('ATH05', 6976543219);
INSERT INTO store_phone VALUES ('PAT01', 6976543220);
INSERT INTO store_phone VALUES ('PAT01', 6976543221);
INSERT INTO store_phone VALUES ('PAT01', 6976543222);
INSERT INTO store_phone VALUES ('PAT01', 6976543223);
INSERT INTO store_phone VALUES ('PAT02', 6976543224);
INSERT INTO store_phone VALUES ('PAT02', 6976543225);
INSERT INTO store_phone VALUES ('PAT03', 6976543226);
INSERT INTO store_phone VALUES ('THE01', 6976543227);
INSERT INTO store_phone VALUES ('THE02', 6976543228);
INSERT INTO store_phone VALUES ('THE02', 6976543229);
